row,name,knob,region,SAM,SID,ERGAS,PSNR,SSIM,DE,S_SAM,S_SID,S_ERGAS,S_PSNR,S_DE,S_SPEC,S_SPAT,SSC
M1,dropped pixels,drop 0.01,full,0.0629557,0.000125991,0.450043,65.769,0.999883,0.00769569,0.987491,0.993721,0.861462,1,0.997438,0.945359,0.999941,0.971875
M1,dropped pixels,drop 0.01,object,0.0193243,1.18244e-05,0.294507,63.9632,0.999917,0.00556288,0.996145,0.999409,0.906956,1,0.998148,0.966431,0.999958,0.982769
M1,dropped pixels,drop 0.01,table,0.22425,0.000749302,1.49828,63.1111,0.99968,0.0157895,0.956143,0.963233,0.60729,1,0.994751,0.823797,0.99984,0.906847
M1,dropped pixels,drop 0.01,background,0.0715353,0.000125852,0.675874,68.5163,0.999886,0.00822699,0.985795,0.993729,0.798568,1,0.997261,0.921343,0.999943,0.959442
M1,dropped pixels,drop 0.1,full,0.439809,0.00124429,1.42015,55.7741,0.998822,0.0768818,0.915945,0.939718,0.628419,0.999043,0.974705,0.813413,0.998933,0.897813
M1,dropped pixels,drop 0.1,object,0.134896,0.00011831,0.926475,53.8891,0.999173,0.0553821,0.973502,0.994126,0.737782,0.993141,0.981723,0.892981,0.996157,0.940963
M1,dropped pixels,drop 0.1,table,1.45588,0.00733511,4.7216,53.1514,0.996822,0.15607,0.74743,0.693367,0.207655,1,0.949308,0.475459,0.998411,0.683718
M1,dropped pixels,drop 0.1,background,0.514916,0.00124724,2.14628,58.4753,0.998843,0.0823116,0.902153,0.939644,0.490905,1,0.972936,0.745912,0.999422,0.859847
M1,dropped pixels,drop 0.5,full,2.1181,0.00623272,3.18158,48.7808,0.993985,0.384836,0.657216,0.732936,0.361786,0.954798,0.879749,0.55466,0.974391,0.722378
M1,dropped pixels,drop 0.5,object,0.647505,0.000587249,2.07873,46.9297,0.995868,0.276973,0.881038,0.971631,0.512016,0.894613,0.912148,0.756625,0.945241,0.840419
M1,dropped pixels,drop 0.5,table,6.9594,0.0368268,10.6232,46.1488,0.983649,0.782639,0.248888,0.160396,0.0293117,0.871628,0.770391,0.10508,0.927639,0.303273
M1,dropped pixels,drop 0.5,background,2.48592,0.00620689,4.7999,51.481,0.994065,0.411761,0.608403,0.734943,0.205559,0.999705,0.871757,0.449266,0.996885,0.655523
M1,dropped pixels,pool 2,full,4.4437,0.0136048,6.14789,42.5545,0.981929,0.921651,0.418151,0.508727,0.152006,0.751817,0.736111,0.310254,0.866873,0.502022
M1,dropped pixels,pool 2,object,1.43857,0.0014563,4.30898,39.6623,0.983503,0.790894,0.758907,0.932377,0.267844,0.655411,0.770611,0.563716,0.819457,0.670629
M1,dropped pixels,pool 2,table,14.4302,0.080409,20.2564,41.0099,0.955111,1.77339,0.0560648,0.0188739,0.00120533,0.700331,0.553755,0.0107499,0.827721,0.0883839
M1,dropped pixels,pool 2,background,5.1835,0.0134021,7.87538,46.8026,0.984102,0.921306,0.354986,0.517035,0.0757399,0.893421,0.735628,0.238369,0.938762,0.45511
M1,dropped pixels,pool 4,full,5.53589,0.0200191,13.7072,35.2979,0.953722,1.4331,0.338182,0.370739,0.0200512,0.50993,0.62236,0.123451,0.731826,0.28556
M1,dropped pixels,pool 4,object,2.13905,0.00364897,10.2379,31.519,0.929331,1.71124,0.66463,0.840709,0.056483,0.383967,0.574309,0.293726,0.656649,0.422997
M1,dropped pixels,pool 4,table,17.6539,0.115211,54.1557,34.3204,0.912314,2.49536,0.0294633,0.00343142,1e-06,0.477346,0.435304,0.000458529,0.69483,0.0165801
M1,dropped pixels,pool 4,background,6.30326,0.0191943,13.5874,42.4401,0.973705,1.17988,0.284022,0.391489,0.0162404,0.748005,0.675168,0.115184,0.860855,0.298688
M1,dropped pixels,pool 8,full,6.39552,0.0261297,26.4369,29.1751,0.906716,2.19169,0.285207,0.274801,0.000817222,0.305838,0.487659,0.0321546,0.606277,0.126544
M1,dropped pixels,pool 8,object,3.14434,0.00962321,19.8457,25.4549,0.824992,3.35663,0.54967,0.643137,0.00534249,0.181991,0.347023,0.103561,0.503491,0.207218
M1,dropped pixels,pool 8,table,19.9629,0.141131,153.458,26.5242,0.839001,3.71343,0.0185477,0.000943746,1e-06,0.217475,0.290074,0.000255239,0.528238,0.0105781
M1,dropped pixels,pool 8,background,6.99499,0.023603,23.4251,37.8438,0.961362,1.43856,0.247939,0.321033,0.00214286,0.594794,0.621354,0.0467249,0.778078,0.173821
M2,dropped bands,every 10,full,5.06221,0.00877988,4.24757,40.3828,0.99747,3.75139,0.389326,0.653911,0.272979,0.679426,0.324009,0.405045,0.838448,0.498129
M2,dropped bands,every 10,object,1.16301,0.0010241,1.93266,48.0425,0.999075,1.06318,0.798589,0.950611,0.534156,0.910173,0.723301,0.737902,0.954624,0.803098
M2,dropped bands,every 10,table,3.0074,0.00647784,4.65017,50.7348,0.995321,0.722574,0.548156,0.723542,0.212662,1,0.785972,0.438371,0.997661,0.638016
M2,dropped bands,every 10,background,7.94169,0.0141575,7.28344,37.7376,0.996692,6.02866,0.205658,0.493559,0.0902206,0.591254,0.135733,0.208517,0.793973,0.311609
M2,dropped bands,every 4,full,3.647,0.00628063,3.97942,45.1643,0.997035,1.74867,0.490113,0.732251,0.28093,0.838809,0.568711,0.460785,0.917922,0.603393
M2,dropped bands,every 4,object,1.1908,0.000843685,2.33534,49.5071,0.998629,0.587362,0.789866,0.958878,0.473132,0.955022,0.825317,0.705686,0.976826,0.808621
M2,dropped bands,every 4,table,6.85013,0.0228054,8.27607,48.5938,0.991719,0.954116,0.254368,0.320766,0.0638162,0.953126,0.727598,0.173068,0.972422,0.392567
M2,dropped bands,every 4,background,4.84758,0.00775594,6.62143,43.4793,0.996713,2.64049,0.379552,0.678895,0.113468,0.782642,0.415344,0.305968,0.889678,0.465048
M2,dropped bands,every 2,full,6.99216,0.0186496,6.30658,40.8926,0.994404,3.44002,0.269304,0.408543,0.148692,0.696419,0.346737,0.248577,0.845412,0.394098
M2,dropped bands,every 2,object,1.9075,0.00210281,3.25429,46.102,0.997502,1.102,0.690433,0.901925,0.34743,0.865996,0.707551,0.59684,0.931749,0.713549
M2,dropped bands,every 2,table,10.8104,0.0475817,12.1277,45.7222,0.984693,1.32845,0.115351,0.0938231,0.0178347,0.857406,0.642264,0.0575776,0.921049,0.21782
M2,dropped bands,every 2,background,9.89182,0.0259005,11.3163,38.7746,0.993644,5.34446,0.139093,0.275105,0.0252156,0.62582,0.16985,0.0970548,0.809732,0.221062
M3,low-rank,k=30,full,1.45533,0.00338003,1.52982,75.542,0.999992,0.0296822,0.748153,0.844618,0.607421,1,0.990158,0.724782,0.999996,0.849772
M3,low-rank,k=30,object,0.495604,0.000196942,0.983531,74.5806,0.999995,0.0237128,0.906315,0.990225,0.731728,1,0.992138,0.866234,0.999997,0.929169
M3,low-rank,k=30,table,5.2245,0.0238446,7.89255,72.9741,0.999967,0.0596084,0.352095,0.306345,0.0725361,1,0.980327,0.19778,0.999983,0.443171
M3,low-rank,k=30,background,1.6,0.00294605,2.62017,79.3646,0.999993,0.0268024,0.72631,0.863988,0.419179,1,0.991106,0.639741,0.999996,0.798725
M3,low-rank,k=12,full,4.00617,0.0302134,5.49569,48.9035,0.996881,0.645067,0.45091,0.224043,0.175157,0.950619,0.806628,0.254445,0.97375,0.482527
M3,low-rank,k=12,object,1.79474,0.00370044,3.87526,47.89,0.997394,0.550671,0.702049,0.843202,0.295714,0.901543,0.833321,0.549582,0.949468,0.706806
M3,low-rank,k=12,table,14.0438,0.216862,17.9275,44.346,0.990317,1.67097,0.0607038,6.29374e-05,0.00261133,0.811535,0.573061,0.00171051,0.900926,0.0353254
M3,low-rank,k=12,background,4.19415,0.0250759,6.88098,52.3047,0.99715,0.578431,0.433019,0.309563,0.103623,0.997554,0.824707,0.235897,0.997352,0.469507
M3,low-rank,k=8,full,5.54173,0.0807814,7.88098,36.796,0.972097,2.23185,0.332563,0.0191814,0.0843729,0.559868,0.479624,0.0769518,0.765983,0.224837
M3,low-rank,k=8,object,2.53512,0.00968714,5.71899,36.5437,0.981811,2.08991,0.608171,0.679023,0.16863,0.551456,0.528233,0.395705,0.766633,0.517194
M3,low-rank,k=8,table,21.1387,0.605001,25.7371,30.4674,0.827454,9.4372,0.0148106,1e-06,0.00019981,0.348912,0.043222,0.000141758,0.588183,0.00615672
M3,low-rank,k=8,background,5.55021,0.0646112,8.61662,42.2297,0.981296,1.45547,0.330904,0.0673005,0.0593311,0.740989,0.618135,0.101039,0.861142,0.275134
M3,low-rank,k=4,full,10.1249,0.304565,15.3441,33.0137,0.959563,3.07024,0.134728,1e-06,0.0110842,0.433789,0.370292,0.00099171,0.696676,0.0235734
M3,low-rank,k=4,object,5.19876,0.0270427,11.6859,31.0007,0.965308,3.80368,0.373326,0.392173,0.0343063,0.366689,0.314136,0.150919,0.665998,0.273505
M3,low-rank,k=4,table,38.266,2.56997,60.7738,29.6481,0.872958,6.13476,0.000480437,1e-06,1e-06,0.321604,0.12956,7.8102e-06,0.597281,0.00171688
M3,low-rank,k=4,background,9.79989,0.198923,14.3982,37.674,0.96369,2.15213,0.143056,0.000608796,0.00977363,0.589134,0.489458,0.00804576,0.776412,0.0676185
M3,low-rank,k=2,full,13.5021,0.41062,43.1648,22.7164,0.920514,9.22372,0.0695707,1e-06,0.00174522,0.132921,0.100234,0.000222992,0.526717,0.00688275
M3,low-rank,k=2,object,11.13,0.110791,35.1917,18.7434,0.873354,15.6738,0.127286,0.0722933,0.00611749,0.070445,0.0399826,0.0244749,0.471899,0.0560736
M3,low-rank,k=2,table,39.2022,3.25851,64.646,29.8383,0.876184,5.50729,0.000395902,1e-06,1e-06,0.327942,0.160379,7.3328e-06,0.602063,0.00172106
M3,low-rank,k=2,background,11.3622,0.236601,21.4921,33.594,0.964853,4.3636,0.105727,0.000185392,0.00464264,0.453133,0.24275,0.00386875,0.708993,0.0403701
M4,added noise,sigma 0.001,full,1.1418,0.0076223,0.759078,57.2996,0.998407,0.267461,0.79661,0.684388,0.779775,1,0.914841,0.751366,0.999203,0.854769
M4,added noise,sigma 0.001,object,0.255454,6.7647e-05,0.329779,63.0235,0.999582,0.108269,0.95086,0.996635,0.896577,1,0.964705,0.946937,0.999791,0.967745
M4,added noise,sigma 0.001,table,4.64586,0.056732,6.53505,50.0243,0.992055,0.747035,0.395414,0.0719049,0.113727,0.997311,0.779592,0.141551,0.994683,0.359504
M4,added noise,sigma 0.001,background,1.28538,0.00659782,1.84189,57.8137,0.998484,0.311299,0.773451,0.72444,0.544961,1,0.90144,0.670341,0.999242,0.80582
M4,added noise,sigma 0.003,full,3.29864,0.0737435,2.27017,48.0545,0.987305,0.791585,0.521525,0.0264326,0.486874,0.935151,0.769106,0.186168,0.961228,0.407387
M4,added noise,sigma 0.003,object,0.766027,0.00061479,0.989354,53.4901,0.996306,0.324855,0.863062,0.970681,0.723806,0.999725,0.898615,0.845188,0.998016,0.903508
M4,added noise,sigma 0.003,table,12.8879,0.588205,19.0739,40.9,0.940836,2.15681,0.0765961,1e-06,0.00180182,0.696668,0.487386,0.000512374,0.818752,0.0189183
M4,added noise,sigma 0.003,background,3.75977,0.0587889,5.51234,48.5567,0.987745,0.925291,0.47202,0.0873318,0.170254,0.951891,0.734623,0.166638,0.969818,0.381267
M4,added noise,sigma 0.01,full,9.55692,0.411082,7.49249,38.3903,0.907425,2.46597,0.162855,1e-06,0.117924,0.613011,0.445866,0.00251591,0.760218,0.0396543
M4,added noise,sigma 0.01,object,2.53423,0.00944248,3.29654,43.036,0.964656,1.06855,0.634774,0.745212,0.355309,0.767867,0.70964,0.541353,0.866262,0.657229
M4,added noise,sigma 0.01,table,30.2644,3.5452,56.5417,31.953,0.713839,5.84573,0.00240538,1e-06,1e-06,0.398435,0.14259,1.3329e-05,0.556137,0.00221893
M4,added noise,sigma 0.01,background,11.5905,0.274953,18.2816,38.6207,0.898588,2.95862,0.098996,3.08246e-05,0.0051036,0.620688,0.373088,0.0014666,0.759638,0.0295022
M4,added noise,sigma 0.03,full,21.6446,1.67917,21.438,29.9213,0.636711,6.0727,0.0243219,1e-06,0.006674,0.330711,0.144846,0.000391754,0.483711,0.0103762
M4,added noise,sigma 0.03,object,7.06386,0.194437,9.71616,33.8817,0.829879,2.97389,0.308479,0.0574108,0.0574369,0.462723,0.396571,0.0709388,0.646301,0.18025
M4,added noise,sigma 0.03,table,46.8702,7.56456,150.528,24.415,0.404714,11.1154,8.5978e-05,1e-06,1e-06,0.147166,0.0246132,4.40103e-06,0.27594,0.000766787
M4,added noise,sigma 0.03,background,28.1853,1.90015,51.6947,29.8186,0.553366,7.49606,0.00362532,1e-06,3.92174e-06,0.327286,0.0823159,1.97173e-05,0.440326,0.00224066
M4,added noise,sigma 0.05,full,28.2412,3.18724,33.5651,26.3484,0.477058,8.44042,0.0095746,1e-06,0.000741279,0.211615,0.0706602,0.000112347,0.344336,0.00418814
M4,added noise,sigma 0.05,object,10.7033,0.50987,15.7544,29.9967,0.715419,4.55975,0.172403,0.00416827,0.0110961,0.333222,0.244577,0.0066738,0.524321,0.0389922
M4,added noise,sigma 0.05,table,52.4577,9.12102,242.858,21.0591,0.281719,14.0035,2.79299e-05,1e-06,1e-06,0.0353042,0.00939732,3.03015e-06,0.158512,0.000453613
M4,added noise,sigma 0.05,background,36.9469,4.18814,78.9743,26.2018,0.362935,10.3369,0.000633237,1e-06,1e-06,0.206726,0.0319628,8.53967e-06,0.284831,0.00112294
M5,smoothing,sigma 0.5px,full,1.67838,0.00247958,1.84843,53.2777,0.997963,0.312481,0.716599,0.883513,0.548301,0.990584,0.901173,0.700969,0.994274,0.822003
M5,smoothing,sigma 0.5px,object,0.519412,0.000202956,1.21925,51.2814,0.998601,0.230369,0.902976,0.989979,0.671903,0.978333,0.926319,0.842377,0.988467,0.903303
M5,smoothing,sigma 0.5px,table,5.47667,0.0152649,6.14513,50.7647,0.99444,0.63145,0.33465,0.46742,0.129408,1,0.810205,0.272349,0.99722,0.50496
M5,smoothing,sigma 0.5px,background,1.97143,0.00242457,2.73977,56.1925,0.997998,0.331424,0.674273,0.886254,0.403473,1,0.895414,0.621583,0.998999,0.775033
M5,smoothing,sigma 1px,full,4.17807,0.0122143,5.82453,43.0018,0.984186,0.861801,0.440075,0.544867,0.1663,0.766726,0.750855,0.333533,0.875456,0.524376
M5,smoothing,sigma 1px,object,1.36052,0.00130832,4.09183,40.0552,0.985509,0.749339,0.769877,0.938782,0.284385,0.668507,0.781086,0.580159,0.827008,0.684242
M5,smoothing,sigma 1px,table,13.559,0.0722346,19.3609,41.4827,0.960475,1.65599,0.066698,0.0281578,0.00162348,0.71609,0.575847,0.0143886,0.838282,0.10337
M5,smoothing,sigma 1px,background,4.87281,0.0120437,7.41914,47.3784,0.986198,0.855563,0.377724,0.552447,0.0878988,0.912613,0.751921,0.261671,0.949406,0.480379
M5,smoothing,sigma 2px,full,5.38771,0.0190237,12.8367,35.7859,0.958382,1.38567,0.347923,0.389312,0.024977,0.526197,0.632039,0.137536,0.742289,0.304437
M5,smoothing,sigma 2px,object,2.07356,0.00338541,9.57218,32.0284,0.938568,1.64632,0.672719,0.85094,0.0659988,0.400948,0.586061,0.314552,0.669758,0.442964
M5,smoothing,sigma 2px,table,17.2093,0.109797,50.8496,34.6969,0.919074,2.42035,0.0321962,0.00447229,1e-06,0.489895,0.446323,0.000516456,0.704485,0.0177525
M5,smoothing,sigma 2px,background,6.13828,0.0182682,12.7034,42.879,0.975257,1.14613,0.293535,0.409334,0.0200617,0.762633,0.68278,0.128134,0.868945,0.317626
M5,smoothing,sigma 4px,full,6.28432,0.0252437,24.5936,29.7145,0.914491,2.12752,0.2914,0.286833,0.00127258,0.323815,0.497699,0.0386955,0.619153,0.140671
M5,smoothing,sigma 4px,object,3.06483,0.00898494,18.4784,25.9869,0.843114,3.2261,0.557826,0.660446,0.00720621,0.199565,0.36069,0.118363,0.521339,0.226492
M5,smoothing,sigma 4px,table,19.6642,0.137316,132.213,27.2036,0.850302,3.61531,0.0196811,0.00113558,1e-06,0.240121,0.299673,0.00027718,0.545212,0.0111998
M5,smoothing,sigma 4px,background,6.87991,0.022846,22.0396,38.2656,0.96375,1.40958,0.253672,0.332246,0.00249215,0.608854,0.627153,0.0511013,0.786302,0.18415
M6,destriping,own profile,full,6.36018,0.254967,6.6519,35.0187,0.94894,1.69804,0.282603,0.00306291,0.122994,0.500622,0.570983,0.0209346,0.724781,0.0968178
M6,destriping,own profile,object,1.5423,0.00447393,3.59391,38.4358,0.980364,0.93236,0.745049,0.815396,0.333926,0.614528,0.737493,0.578242,0.797446,0.668741
M6,destriping,own profile,table,24.1678,1.83821,58.9281,29.4041,0.798834,4.17587,0.00941289,1e-06,4.63722e-05,0.313472,0.26767,5.08745e-05,0.556153,0.00437323
M6,destriping,own profile,background,7.8673,0.287575,18.6216,34.7821,0.936242,2.23041,0.223558,0.011644,0.0124099,0.492735,0.505746,0.0231206,0.714488,0.0987189
M6,destriping,train template,full,5.08933,0.0369587,3.74886,45.6958,0.984081,0.865438,0.36927,0.163501,0.312665,0.856528,0.750439,0.262549,0.920305,0.473311
M6,destriping,train template,object,1.19991,0.00120587,1.82491,50.78,0.995262,0.373071,0.796986,0.944998,0.550111,0.984329,0.88428,0.744351,0.989796,0.842873
M6,destriping,train template,table,19.3123,0.266958,17.9666,39.0981,0.93437,2.21812,0.0215316,1.34962e-05,0.00264428,0.636604,0.477551,0.000758928,0.785487,0.021486
M6,destriping,train template,background,5.8738,0.0320808,7.57931,45.815,0.983283,1.01834,0.309922,0.226341,0.0865053,0.860501,0.712213,0.173245,0.921892,0.383155
M7,gain error,global +1%,full,0.0207907,1.69987e-08,1.7113,54.8868,0.999978,0.148838,0.995851,0.999999,0.567039,1,0.951646,0.825981,0.999989,0.902
M7,gain error,global +1%,object,0.00668657,1.41464e-08,1.25088,51.9399,0.999971,0.209105,0.998664,0.999999,0.659602,1,0.932711,0.869936,0.999985,0.922971
M7,gain error,global +1%,table,0.0851413,1.73461e-08,1.70453,62.1713,0.999974,0.0658309,0.983116,0.999999,0.566598,1,0.978295,0.822785,0.999987,0.904088
M7,gain error,global +1%,background,0.0217858,1.82314e-08,1.404,57.3268,0.999985,0.11597,0.995652,0.999999,0.630648,1,0.962082,0.855006,0.999993,0.919136
M7,gain error,global -1%,full,0.0210123,1.70151e-08,1.7113,54.7956,0.999978,0.148972,0.995807,0.999999,0.567039,1,0.951601,0.825968,0.999989,0.901987
M7,gain error,global -1%,object,0.00689985,1.41683e-08,1.25088,51.8354,0.99997,0.208964,0.998621,0.999999,0.659602,1,0.932752,0.869923,0.999985,0.92297
M7,gain error,global -1%,table,0.085999,1.73448e-08,1.70453,62.1211,0.999974,0.066253,0.982948,0.999999,0.566598,1,0.978158,0.822738,0.999987,0.904043
M7,gain error,global -1%,background,0.0218956,1.82432e-08,1.404,57.2695,0.999985,0.116523,0.995631,0.999999,0.630648,1,0.961905,0.855,0.999993,0.919107
M7,gain error,global +3%,full,0.020726,1.69981e-08,5.13391,45.4803,0.999824,0.437676,0.995864,0.999999,0.185864,0.849342,0.864575,0.566264,0.924583,0.715416
M7,gain error,global +3%,object,0.00681864,1.41497e-08,3.75264,42.554,0.999768,0.612101,0.998637,0.999999,0.288323,0.7518,0.815689,0.659305,0.875784,0.751476
M7,gain error,global +3%,table,0.0842899,1.73448e-08,5.1136,52.6783,0.999775,0.196241,0.983284,0.999999,0.181977,1,0.936681,0.563424,0.999887,0.743243
M7,gain error,global +3%,background,0.021675,1.82285e-08,4.21201,47.8498,0.999873,0.345597,0.995674,0.999999,0.259973,0.928327,0.891194,0.629744,0.9641,0.768821
M7,gain error,global -3%,full,0.0209584,1.70232e-08,5.13391,45.1701,0.999824,0.438437,0.995817,0.999999,0.185864,0.839003,0.864316,0.566255,0.919413,0.713962
M7,gain error,global -3%,object,0.00651692,1.41714e-08,3.75264,42.2021,0.999792,0.612074,0.998698,0.999999,0.288323,0.740071,0.815684,0.659319,0.869931,0.749729
M7,gain error,global -3%,table,0.08689,1.73654e-08,5.1136,52.5277,0.999758,0.20004,0.982773,0.999999,0.181977,1,0.935495,0.563326,0.999879,0.743035
M7,gain error,global -3%,background,0.021982,1.82527e-08,4.21201,47.6697,0.999867,0.350474,0.995613,0.999999,0.259973,0.922323,0.889747,0.629732,0.961095,0.767799
M7,gain error,global +10%,full,0.0200932,1.69957e-08,17.113,35.2946,0.998308,1.4172,0.99599,0.999999,0.00461894,0.50982,0.625739,0.15453,0.754064,0.32794
M7,gain error,global +10%,object,0.00640103,1.41555e-08,12.5088,32.4017,0.997875,1.9686,0.998721,0.999999,0.0165456,0.413389,0.520533,0.251212,0.705632,0.400757
M7,gain error,global +10%,table,0.081539,1.7359e-08,17.0454,42.3883,0.99769,0.63997,0.983825,0.999999,0.00343253,0.746278,0.807903,0.149786,0.871984,0.357203
M7,gain error,global +10%,background,0.0211898,1.8214e-08,14.0401,37.5779,0.998696,1.13153,0.995771,0.999999,0.0144717,0.58593,0.685838,0.224824,0.792313,0.406784
M7,gain error,global -10%,full,0.0214618,1.70658e-08,17.113,34.4633,0.998192,1.47098,0.995717,0.999999,0.00461894,0.48211,0.614449,0.154516,0.740151,0.32486
M7,gain error,global -10%,object,0.00668644,1.42094e-08,12.5088,31.4811,0.998144,2.0586,0.998664,0.999999,0.0165456,0.382704,0.505496,0.251208,0.690424,0.3959
M7,gain error,global -10%,table,0.0902506,1.73994e-08,17.0454,41.8854,0.997078,0.68219,0.982112,0.999999,0.00343253,0.729512,0.796614,0.149699,0.863295,0.3551
M7,gain error,global -10%,background,0.022385,1.82896e-08,14.0401,37.0129,0.998414,1.18852,0.995533,0.999999,0.0144717,0.567097,0.672937,0.224807,0.782756,0.403941
M7,gain error,per band 1%,full,0.547528,9.63638e-05,1.7113,56.6014,0.999962,0.470248,0.896278,0.995193,0.567039,1,0.855118,0.796188,0.999981,0.871507
M7,gain error,per band 1%,object,0.56521,9.80603e-05,1.25088,53.6069,0.999885,0.561719,0.893113,0.995109,0.659602,1,0.830298,0.836768,0.999942,0.889398
M7,gain error,per band 1%,table,0.499399,9.33619e-05,1.70453,64.1275,0.999981,0.259641,0.904947,0.995343,0.566598,1,0.917093,0.799128,0.99999,0.882405
M7,gain error,per band 1%,background,0.5422,9.56295e-05,1.404,59.069,0.999989,0.476187,0.897233,0.99523,0.630648,1,0.853243,0.824533,0.999994,0.886484
M7,gain error,per band 3%,full,1.63075,0.000864494,5.13391,47.0966,0.999733,1.39238,0.721702,0.957696,0.185864,0.903219,0.629979,0.5013,0.951476,0.648517
M7,gain error,per band 3%,object,1.69073,0.000880582,3.75264,44.1105,0.999275,1.65047,0.713093,0.956926,0.288323,0.803684,0.582966,0.580692,0.90148,0.676581
M7,gain error,per band 3%,table,1.45899,0.000836538,5.1136,54.6049,0.999828,0.782873,0.746923,0.959036,0.181977,1,0.77032,0.506966,0.999914,0.684649
M7,gain error,per band 3%,background,1.61373,0.000857468,4.21201,49.5432,0.999901,1.41313,0.724158,0.958033,0.259973,0.984774,0.624463,0.558287,0.992337,0.693125
M7,gain error,per band 10%,full,5.3316,0.00951938,17.113,36.7511,0.998126,4.40587,0.344312,0.621289,0.00461894,0.558369,0.234965,0.092383,0.778247,0.221845
M7,gain error,per band 10%,object,5.56971,0.00972958,12.5088,33.798,0.996455,5.1144,0.328283,0.614793,0.0165456,0.459933,0.198933,0.147358,0.728194,0.265806
M7,gain error,per band 10%,table,4.70921,0.00917296,17.0454,44.2071,0.998187,2.63153,0.389928,0.632139,0.00343253,0.806904,0.415997,0.0944277,0.902545,0.259846
M7,gain error,per band 10%,background,5.25674,0.00942529,14.0401,39.1308,0.99891,4.48365,0.34947,0.624213,0.0144717,0.637693,0.224885,0.135538,0.818302,0.26975
M8,zero-clamping,zero <0.001,full,0.0499519,0.00621523,0.0214805,73.9288,0.999958,0.00297211,0.990061,0.735816,0.992871,1,0.99901,0.896897,0.999979,0.946784
M8,zero-clamping,zero <0.001,object,0.00643018,2.90381e-07,0.000124138,120,1,1.04314e-07,0.998715,0.999985,0.999959,1,1,0.999553,1,0.999776
M8,zero-clamping,zero <0.001,table,0.301107,0.0459556,0.486671,65.426,0.999658,0.0212957,0.94165,0.147053,0.85064,1,0.992929,0.456541,0.999829,0.666049
M8,zero-clamping,zero <0.001,background,0.0476503,0.00536293,0.0480185,74.7058,0.99997,0.00273773,0.990518,0.768193,0.984124,1,0.999088,0.907224,0.999985,0.952224
M8,zero-clamping,zero <0.003,full,0.354326,0.121817,0.172559,53.5792,0.996574,0.0414102,0.931613,0.00296556,0.944367,1,0.986292,0.130167,0.998287,0.356843
M8,zero-clamping,zero <0.003,object,0.00651213,4.53519e-06,0.000948383,119.362,1,1.69041e-06,0.998699,0.999774,0.999684,1,0.999999,0.999385,1,0.999692
M8,zero-clamping,zero <0.003,table,2.71962,0.907816,4.27049,45.0803,0.975646,0.309706,0.582633,1e-06,0.241832,0.836009,0.902003,0.00519869,0.905828,0.0685626
M8,zero-clamping,zero <0.003,background,0.29826,0.108558,0.381671,54.1783,0.996811,0.0371386,0.942408,0.0150439,0.880637,1,0.987713,0.194943,0.998405,0.419276
M8,zero-clamping,zero <0.01,full,2.43479,1.03373,1.08978,37.8511,0.961889,0.31278,0.614738,1e-06,0.701696,0.595035,0.90101,0.00754095,0.778462,0.0782959
M8,zero-clamping,zero <0.01,object,0.0106502,0.000238295,0.0129757,104.505,0.999996,0.000388179,0.997877,0.988793,0.99572,1,0.999871,0.994021,0.999998,0.996955
M8,zero-clamping,zero <0.01,table,23.0773,9.62915,30.9689,27.9213,0.644713,3.01585,0.0106394,1e-06,4.72372e-05,0.264043,0.366819,7.44974e-05,0.454378,0.00554426
M8,zero-clamping,zero <0.01,background,1.36658,0.613933,1.73855,41.2755,0.977514,0.165299,0.767013,1e-06,0.561071,0.709184,0.94667,0.00753468,0.843349,0.0811026
M8,zero-clamping,zero <0.02,full,4.50793,1.77444,2.11974,32.8187,0.931275,0.592656,0.406315,1e-06,0.510457,0.42729,0.820781,0.00587842,0.679283,0.0649384
M8,zero-clamping,zero <0.02,object,0.134749,0.0234678,0.2388,63.9775,0.99758,0.0515898,0.975778,0.81203,0.928493,0.925284,0.983696,0.86422,0.961432,0.889076
M8,zero-clamping,zero <0.02,table,42.142,17.088,56.3091,22.6847,0.33608,5.51801,0.000245787,1e-06,1e-06,0.089491,0.159328,6.09463e-06,0.212786,0.00108835
M8,zero-clamping,zero <0.02,background,2.51543,0.938441,3.22216,37.2304,0.96507,0.31591,0.617763,1e-06,0.343426,0.574346,0.900976,0.00592988,0.769708,0.0691565
M8,zero-clamping,floor 0.005,full,0.500812,0.00568806,0.287531,48.2731,0.995886,0.0796168,0.904742,0.753164,0.909369,0.942438,0.973813,0.852369,0.969162,0.909488
M8,zero-clamping,floor 0.005,object,0.00665499,6.59759e-07,0.00167012,118.993,1,4.51675e-06,0.99867,0.999967,0.999444,1,0.999998,0.99936,1,0.99968
M8,zero-clamping,floor 0.005,table,3.86618,0.0410835,6.91603,39.8072,0.969378,0.598786,0.464986,0.143524,0.102272,0.66024,0.819431,0.187543,0.814809,0.388341
M8,zero-clamping,floor 0.005,background,0.417784,0.00520251,0.636883,48.8703,0.996371,0.070639,0.920412,0.774965,0.809013,0.959633,0.976784,0.831712,0.978002,0.901645
M8,zero-clamping,floor 0.02,full,2.49589,0.0265204,2.83008,33.1835,0.973605,0.702613,0.607173,0.266557,0.414705,0.43945,0.791219,0.401741,0.706528,0.5405
M8,zero-clamping,floor 0.02,object,0.0314623,5.10991e-05,0.0475055,81.6407,0.999921,0.00845613,0.993836,0.997477,0.984614,1,0.99721,0.991933,0.99996,0.995501
M8,zero-clamping,floor 0.02,table,21.6773,0.211906,75.715,23.8663,0.770685,6.28876,0.0132519,3.34442e-05,1e-06,0.128878,0.123134,7.20776e-05,0.449781,0.00464182
M8,zero-clamping,floor 0.02,background,1.68487,0.021057,5.31314,35.0357,0.981752,0.449713,0.72072,0.378402,0.173238,0.501188,0.862686,0.355657,0.74147,0.523875
M9,constant,zeros,full,90,23.6119,171.13,8.03389,0.00891068,30.2045,1e-06,1e-06,1e-06,0,0.000216759,1e-06,0.00445534,2.94215e-05
M9,constant,zeros,object,90,23.6267,125.088,4.72495,0.0130398,49.9265,1e-06,1e-06,1e-06,0,3.7748e-06,1e-06,0.00651991,1.384e-05
M9,constant,zeros,table,90,23.7186,170.454,17.1278,0.0167571,9.62064,1e-06,1e-06,1e-06,0,0.0409004,1e-06,0.00837854,0.000115704
M9,constant,zeros,background,90,23.578,140.401,11.2001,0.0028287,19.8787,1e-06,1e-06,1e-06,0,0.00141514,1e-06,0.00141435,3.70446e-05
M9,constant,train mean,full,19.8349,0.178271,146.229,13.4201,0.743441,18.7427,0.0200523,0.000959816,1e-06,0,0.00405064,0.000223074,0.37172,0.0042661
M9,constant,train mean,object,17.5067,0.208325,99.8633,10.7198,0.597036,26.3807,0.0382262,0.00801877,1e-06,0,0.000431657,0.000371273,0.298518,0.00316612
M9,constant,train mean,table,35.4765,0.385889,807.207,11.2096,0.384309,25.2216,0.00085041,1e-06,1e-06,0,0.000223626,9.42056e-06,0.192154,0.000487813
M9,constant,train mean,background,18.5187,0.112077,185.813,17.1995,0.86666,12.3209,0.0248798,0.00482571,1e-06,0,0.0174901,0.000471953,0.43333,0.00875029
M9,constant,ones,full,20.6775,0.196916,682.738,3.26293,0.463253,54.0408,0.0180264,0.00111109,1e-06,0,1e-06,0.000210299,0.231626,0.000991608
M9,constant,ones,object,19.2588,0.257493,253.862,5.50585,0.50825,37.201,0.036545,0.0165103,1e-06,0,1.97905e-05,0.000399414,0.254125,0.00151461
M9,constant,ones,table,33.9736,0.354847,6466.55,1.05921,0.162942,85.7169,0.00114407,1e-06,1e-06,0,1e-06,1.04089e-05,0.0814709,0.000168702
M9,constant,ones,background,18.5677,0.10886,1748.78,2.62892,0.463173,59.9746,0.024703,0.00606498,1e-06,0,1e-06,0.000505013,0.231586,0.0016723
